timestamps,CAN1.CCVS1.WheelBasedVehicleSpeed
0.0,19.0
0.10005000000819564,19.3203125
0.20020000007934868,20.3984375
0.3002500000875443,19.8046875
0.40035000001080334,20.40625
0.5003500001039356,20.2421875
0.6004000001121312,20.34375
0.7003999999724329,20.4296875
0.8004000000655651,20.484375
0.9006000000517815,20.3671875
1.000400000018999,20.6953125
1.100499999942258,20.6484375
1.2005000000353903,20.5625
1.3005000001285225,20.3515625
1.4004999999888241,20.296875
1.5005000000819564,20.296875
1.6004500000271946,20.375
1.7005000000353903,20.3671875
1.8005000001285225,20.4765625
1.900649999966845,20.3671875
2.0005000000819564,20.4140625
2.1006000000052154,19.4765625
2.2005499999504536,19.75
2.3005999999586493,20.546875
2.4006000000517815,20.4375
2.4995000001508743,20.1484375
2.5994500000961125,20.53125
2.699449999956414,22.359375
2.7994500000495464,21.8125
2.900700000114739,20.6015625
2.9994500000029802,20.6796875
3.1006000000052154,21.859375
3.199500000104308,22.0234375
3.2995500001125038,21.828125
3.399500000057742,22.1640625
3.4995000001508743,22.71875
3.599500000011176,22.90625
3.699500000104308,23.1875
3.7994999999646097,23.6171875
3.9013499999418855,24.0390625
4.00124999997206,24.3203125
4.101299999980256,24.7734375
4.200699999928474,25.375
4.2997000000905246,25.6015625
4.400150000117719,25.6875
4.499599999981001,26.0390625
4.599549999926239,26.1953125
4.699599999934435,26.609375
4.799550000112504,27.1953125
4.90030000009574,26.8671875
4.999599999981001,27.2109375
5.1002500001341105,27.6328125
5.199599999934435,26.5234375
5.2996499999426305,26.6875
5.400249999947846,27.609375
5.499650000128895,27.640625
5.599649999989197,28.2578125
5.699699999997392,27.25
5.7997000000905246,27.78125
5.900350000010803,27.109375
5.999650000128895,26.609375
6.100300000049174,28.7421875
6.199699999997392,29.2109375
6.300400000065565,28.9453125
6.40085000009276,27.828125
6.499749999959022,28.6171875
6.599700000137091,29.015625
6.699699999997392,28.5234375
6.7997000000905246,29.328125
6.900450000073761,29.6796875
6.999700000043958,29.1171875
7.100349999964237,30.2734375
7.199750000145286,30.3046875
7.299750000005588,30.25
7.400950000155717,31.1171875
7.499800000106916,30.90625
7.599750000052154,31.5234375
7.69980000006035,32.1015625
7.799800000153482,32.15625
7.900499999988824,32.4296875
8.000449999934062,32.9140625
8.100499999942258,33.0078125
8.200600000098348,33.6875
8.300650000106543,33.8984375
8.400750000029802,33.984375
8.500800000037998,34.4375
8.600850000046194,34.8203125
8.700949999969453,35.015625
8.800950000062585,35.4140625
8.901599999982864,35.546875
9.001549999928102,35.96875
9.101650000084192,36.4296875
9.202199999941513,36.6796875
9.301050000125542,36.5625
9.401599999982864,36.8359375
9.500999999931082,37.21875
9.601000000024214,37.3984375
9.70105000003241,37.4375
9.801050000125542,34.8359375
9.901199999963865,38.09375
10.00109999999404,37.2109375
10.101150000002235,37.5703125
10.201099999947473,37.5859375
10.301149999955669,37.5546875
10.401700000045821,37.6953125
10.501150000141934,37.1640625
10.600000000093132,36.9609375
10.699999999953434,38.609375
10.799950000131503,38.203125
10.901300000026822,37.1484375
11.0,38.890625
11.101150000002235,38.265625
11.199999999953434,38.3203125
11.30004999996163,38.5078125
11.401199999963865,38.265625
11.500050000147894,39.046875
11.600000000093132,39.1171875
11.700050000101328,39.4375
11.800000000046566,39.609375
11.900750000029802,39.5703125
12.0,40.1796875
12.100700000068173,40.140625
12.200100000016391,40.84375
12.300100000109524,40.2578125
12.400750000029802,41.1796875
12.50069999997504,41.0546875
12.60010000015609,41.3203125
12.700699999928474,41.6953125
12.800100000109524,41.5234375
12.901150000048801,42.1015625
13.00014999997802,41.9296875
13.10080000013113,42.1796875
13.200149999931455,42.6875
13.30019999993965,43.3125
13.401300000026822,43.2578125
13.500200000125915,43.3515625
13.600150000071153,43.6484375
13.700149999931455,43.890625
13.80019999993965,44.0703125
13.902050000149757,44.5078125
14.000750000122935,44.703125
14.100850000046194,44.9765625
14.200799999991432,45.265625
14.300250000087544,45.609375
14.400799999944866,45.5703125
14.500250000040978,45.7890625
14.60025000013411,46.015625
14.700249999994412,46.3515625
14.800250000087544,46.9453125
14.900950000155717,46.921875
15.000250000040978,47.3359375
15.100300000049174,47.3046875
15.200300000142306,47.3203125
15.300300000002608,47.7734375
15.40030000009574,47.7578125
15.500299999956042,48.1328125
15.600300000049174,48.6875
15.700300000142306,48.5625
15.800300000002608,48.796875
15.900499999988824,49.21875
16.00029999995604,49.4609375
16.10040000011213,49.59375
16.20035000005737,50.09375
16.3003500001505,49.7734375
16.400350000010803,50.0703125
16.500350000103936,50.6015625
16.60040000011213,50.5078125
16.700399999972433,50.6328125
16.8003500001505,50.1796875
16.900550000136718,47.734375
17.000400000019,49.5703125
17.100499999942258,50.5546875
17.200450000120327,50.3359375
17.300500000128523,50.921875
17.400499999988824,50.3671875
17.500500000081956,50.125
17.600450000027195,49.1953125
17.70050000003539,50.984375
17.800400000065565,49.9453125
17.90060000005178,53.265625
18.000449999934062,49.953125
18.100550000090152,52.53125
18.20050000003539,51.078125
18.300500000128523,51.2578125
18.400550000136718,51.8984375
18.50054999999702,51.4921875
18.600450000027195,51.9609375
18.700549999950454,52.046875
18.800500000128523,52.03125
18.901300000026822,52.25
19.001150000141934,52.9609375
19.10120000015013,52.265625
19.20120000001043,52.5859375
19.30059999995865,53.109375
19.40060000005178,53.2421875
19.500600000144914,53.515625
19.600600000005215,53.4609375
19.700600000098348,53.7421875
19.80059999995865,53.5390625
19.900750000029802,54.0
20.000600000144914,53.7890625
20.100700000068173,54.3828125
20.20065000001341,54.765625
20.300650000106543,54.4921875
20.400649999966845,54.8203125
20.50069999997504,55.203125
20.60065000015311,55.0
20.700699999928474,55.484375
20.800650000106543,55.4296875
20.900799999944866,55.2578125
21.00069999997504,55.8671875
21.10080000013113,56.328125
21.20075000007637,56.1796875
21.30074999993667,56.734375
21.400750000029802,56.53125
21.500750000122935,57.015625
21.600749999983236,56.671875
21.700699999928474,56.7890625
21.80074999993667,57.078125
21.900900000007823,57.3359375
22.000750000122935,57.5625
22.10080000013113,57.453125
22.200799999991432,57.75
22.300950000062585,58.078125
22.40085000009276,58.21875
22.50084999995306,58.46875
22.60080000013113,58.859375
22.700850000139326,58.9375
22.800800000084564,58.7890625
22.900950000155717,59.28125
23.000800000037998,58.984375
23.100899999961257,59.5703125
23.200850000139326,59.75
23.30090000014752,59.9140625
23.40085000009276,59.7890625
23.50084999995306,60.2109375
23.600850000046194,60.4296875
23.700850000139326,60.5234375
23.800849999999627,60.8125
23.901599999982864,61.078125
24.001450000097975,61.1171875
24.10150000010617,61.1328125
24.201499999966472,61.4140625
24.301050000125542,61.6796875
24.400950000155717,62.2890625
24.500999999931082,62.046875
24.601100000087172,62.078125
24.701150000095367,62.2890625
24.801200000103563,62.3984375
24.901300000026822,62.6484375
25.001350000035018,62.8046875
25.101400000043213,63.3125
25.201499999966472,63.125
25.301500000059605,63.09375
25.4015500000678,63.59375
25.501549999928102,63.859375
25.60150000010617,64.0234375
25.701550000114366,64.1875
25.801500000059605,64.4296875
25.901650000130758,64.5
26.00150000001304,64.359375
26.10165000008419,64.890625
26.20160000002943,64.828125
26.301600000122562,64.6015625
26.401599999982864,64.9609375
26.501600000075996,65.1875
26.601550000021234,65.2578125
26.70160000002943,66.015625
26.801600000122562,65.234375
26.901749999960884,65.734375
27.000999999931082,65.84375
27.101699999999255,66.1875
27.201099999947473,66.25
27.301100000040606,66.21875
27.4011500000488,66.3359375
27.501150000141934,66.4609375
27.601100000087172,66.7734375
27.701099999947473,66.2109375
27.801100000040606,66.9375
27.90125000011176,66.984375
28.00109999999404,67.390625
28.10120000015013,66.234375
28.201150000095367,65.78125
28.301250000018626,65.9921875
28.401199999963865,66.6640625
28.50124999997206,66.6953125
28.601150000002235,66.671875
28.701250000158325,66.8515625
28.801200000103563,66.3828125
28.902000000001863,66.8671875
29.00179999996908,66.5234375
29.10190000012517,66.359375
29.20189999998547,65.953125
29.30129999993369,66.5546875
29.40125000011176,66.1875
29.501300000119954,65.890625
29.601250000065193,67.4375
29.701250000158325,65.796875
29.801250000018626,65.828125
29.901450000004843,66.609375
30.00124999997206,65.7734375
30.10135000012815,66.4609375
30.201300000073388,66.2734375
30.301350000081584,65.6953125
30.401850000023842,66.1484375
30.501300000119954,66.375
30.601299999980256,66.6015625
30.70134999998845,66.3203125
30.80129999993369,65.890625
30.901500000152737,66.234375
31.001300000119954,66.4375
31.101400000043213,66.25
31.20134999998845,65.9453125
31.30145000014454,66.0078125
31.40140000008978,66.03125
31.50139999995008,66.0078125
31.60135000012815,66.1484375
31.701400000136346,66.7578125
31.801350000081584,66.703125
31.90210000006482,66.1796875
32.00139999995008,66.4453125
32.10205000010319,66.34375
32.201950000133365,67.0859375
32.30200000014156,67.0703125
32.402600000146776,66.734375
32.50205000001006,67.203125
32.60195000004023,67.25
32.70204999996349,66.28125
32.80200000014156,66.890625
32.90225000004284,66.6484375
33.00139999995008,66.9921875
33.10235000005923,67.1796875
33.20204999996349,66.8984375
33.30249999999069,67.5546875
33.40265000006184,67.5234375
33.50260000000708,67.734375
33.60195000004023,68.15625
33.703050000127405,68.0234375
33.80184999993071,67.96875
33.902999999932945,67.5546875
34.00230000005104,67.890625
34.102799999993294,68.078125
34.20219999994151,67.859375
34.30215000011958,68.234375
34.40225000004284,68.0546875
34.502150000073016,67.9375
34.601550000021234,68.4921875
34.702350000152364,68.5234375
34.80160000012256,68.1953125
34.90225000004284,68.28125
35.001600000075996,68.8515625
35.102249999996275,68.125
35.20164999994449,69.5
35.30264999996871,69.125
35.40200000000186,69.515625
35.50170000013895,69.0234375
35.60165000008419,68.984375
35.70170000009239,69.4375
35.801650000037625,69.140625
35.90185000002384,68.96875
36.00164999999106,69.1640625
36.10175000014715,69.015625
36.20175000000745,68.796875
36.302050000056624,68.9140625
36.40254999999888,69.8828125
36.50175000005402,69.6953125
36.601699999999255,69.6640625
36.701800000155345,69.9375
36.80169999995269,69.734375
36.901899999938905,70.0546875
37.00170000013895,70.53125
37.10180000006221,70.53125
37.20175000000745,70.328125
37.30239999992773,70.0546875
37.40265000006184,70.28125
37.501850000116974,69.8828125
37.60180000006221,70.609375
37.701800000155345,70.65625
37.801800000015646,70.4921875
37.9019500000868,70.765625
38.00179999996908,71.4609375
38.10190000012517,71.5546875
38.201800000155345,71.1328125
38.30245000007562,70.703125
38.40240000002086,71.0390625
38.501850000116974,71.15625
38.601849999977276,71.078125
38.70189999998547,71.734375
38.80184999993071,71.890625
38.90265000006184,71.328125
39.002400000113994,71.0703125
39.102549999952316,72.265625
39.202500000130385,71.71875
39.30249999999069,71.8203125
39.4030999999959,72.1875
39.50249999994412,72.109375
39.60245000012219,72.0859375
39.70255000004545,72.1796875
39.801900000078604,71.9765625
39.90210000006482,72.828125
40.001850000116974,72.875
40.10205000010319,72.390625
40.201950000133365,72.6484375
40.3027000001166,72.21875
40.4019500000868,72.5546875
40.5019499999471,73.171875
40.60195000004023,72.6953125
40.70200000004843,72.953125
40.80194999999367,72.84375
40.90210000006482,72.703125
41.0019499999471,73.3359375
41.10220000008121,73.0859375
41.201950000133365,73.1640625
41.30239999992773,72.875
41.40265000006184,73.3984375
41.503100000089034,73.265625
41.60260000010021,73.1875
41.703200000105426,73.1640625
41.802050000056624,73.2578125
41.9026999999769,73.859375
42.002000000094995,73.6015625
42.10269999993034,73.359375
42.20204999996349,73.234375
42.303300000028685,74.21875
42.40210000006482,73.6796875
42.502700000070035,74.0078125
42.60205000010319,73.640625
42.702650000108406,74.4453125
42.80209999997169,74.1328125
42.90280000003986,73.859375
43.00210000015795,73.734375
43.10275000007823,74.109375
43.20215000002645,73.984375
43.3027000001166,73.8984375
43.40214999997988,73.921875
43.502150000073016,74.328125
43.602100000018254,74.109375
43.70215000002645,73.9296875
43.80215000011958,73.9921875
43.9035000000149,74.4296875
44.002700000070035,74.15625
44.10340000013821,74.1015625
44.20280000008643,74.0859375
44.302200000034645,74.171875
44.40225000004284,73.8515625
44.50225000013597,74.125
44.60220000008121,74.4296875
44.70219999994151,74.046875
44.802200000034645,74.2734375
44.90240000002086,74.15625
45.00225000013597,74.1484375
45.10235000005923,74.234375
45.20225000008941,74.5859375
45.3023000000976,74.3671875
45.402299999957904,74.328125
45.50230000005104,73.9140625
45.602249999996275,74.3984375
45.70230000000447,74.171875
45.8023000000976,74.265625
45.90240000002086,73.9921875
46.00225000013597,74.234375
46.10235000005923,74.3359375
46.20230000000447,74.3359375
46.30264999996871,74.484375
46.40265000006184,74.2734375
46.5023499999661,74.4609375
46.60235000005923,74.46875
46.702350000152364,74.46875
46.80285000009462,74.265625
46.90250000008382,74.40625
47.0023499999661,74.046875
47.10250000003725,74.15625
47.202350000152364,74.6484375
47.30239999992773,74.171875
47.402449999935925,74.4609375
47.50249999994412,74.0859375
47.60235000005923,74.2734375
47.70244999998249,74.46875
47.80239999992773,74.4453125
47.90254999999888,74.2734375
48.002400000113994,74.1796875
48.102549999952316,74.21875
48.20244999998249,74.375
48.30245000007562,74.484375
48.402449999935925,74.4453125
48.50249999994412,74.1328125
48.60245000012219,74.3828125
48.702500000130385,74.7734375
48.80249999999069,74.25
48.90324999997392,74.9296875
49.00304999994114,74.640625
49.10320000001229,74.6171875
49.20314999995753,74.6015625
49.302750000031665,74.3828125
49.40254999999888,75.0625
49.50289999996312,74.6640625
49.60250000003725,74.7421875
49.703050000127405,74.46875
49.80255000013858,74.6875
49.90320000005886,74.828125
50.002550000092015,74.6015625
50.10340000013821,75.1640625
50.20285000000149,74.84375
50.30340000009164,74.953125
50.402849999954924,74.8671875
50.503400000045076,74.796875
50.60285000014119,74.8359375
50.703450000146404,74.8828125
50.80295000015758,74.90625
50.90345000009984,74.6875
51.00289999996312,74.78125
51.10345000005327,74.9453125
51.202900000149384,74.9140625
51.303450000006706,74.890625
51.40290000010282,75.0859375
51.50350000010803,74.90625
51.60290000005625,75.0625
51.70354999997653,75.0703125
51.80300000007264,75.15625
51.9035000000149,75.078125
52.00320000015199,75.2734375
52.10275000007823,75.15625
52.202650000108406,75.3359375
52.3027000001166,75.421875
52.4026999999769,75.40625
52.502700000070035,75.2578125
52.60269999993034,75.390625
52.70274999993853,75.484375
52.8027000001166,75.6171875
52.902849999954924,75.9921875
53.002700000070035,75.5078125
53.102799999993294,75.6015625
53.20274999993853,75.703125
53.302750000031665,75.8671875
53.40280000003986,75.6796875
53.50280000013299,76.09375
53.60275000007823,75.7265625
53.70280000008643,75.7421875
53.802750000031665,75.234375
53.903549999929965,75.3671875
54.00335000013001,76.1171875
54.103499999968335,75.9375
54.203450000146404,76.296875
54.302900000009686,75.9765625
54.40290000010282,76.25
54.50289999996312,75.9375
54.60290000005625,76.1953125
54.702900000149384,76.4453125
54.802900000009686,76.09375
54.90305000008084,76.6171875
55.00289999996312,76.71875
55.10300000011921,76.5
55.20295000006445,76.4765625
55.30300000007264,76.640625
55.40295000001788,76.765625
55.502950000111014,76.796875
55.602949999971315,76.9765625
55.70299999997951,76.953125
55.80300000007264,77.1328125
55.9030999999959,77.015625
56.002950000111014,77.1796875
56.10305000003427,77.4140625
56.20299999997951,77.4453125
56.30304999998771,77.3671875
56.40305000008084,77.0234375
56.50304999994114,77.4375
56.60300000011921,77.65625
56.703050000127405,77.8671875
56.80300000007264,77.390625
56.90320000005886,78.0703125
57.00304999994114,77.9453125
57.103099999949336,77.1953125
57.20310000004247,77.8125
57.3031000001356,78.6640625
57.4030999999959,77.8984375
57.5031500000041,78.1484375
57.603099999949336,78.203125
57.703750000102445,78.3359375
57.8031000001356,78.1875
57.90324999997392,78.953125
58.003100000089034,78.609375
58.10315000009723,78.578125
58.20314999995753,78.765625
58.303300000028685,78.6640625
58.40320000005886,78.7421875
58.5031500000041,79.171875
58.60315000009723,79.421875
58.70314999995753,79.0234375
58.803150000050664,79.03125
58.9039000000339,79.703125
59.00375000014901,79.34375
59.10385000007227,79.625
59.20384999993257,79.9296875
59.30325000011362,79.84375
59.40324999997392,79.59375
59.503250000067055,79.859375
59.60320000001229,80.15625
59.70325000002049,79.7890625
59.80325000011362,80.2421875
59.903399999951944,80.4921875
60.003250000067055,80.4453125
60.10330000007525,80.2734375
60.20329999993555,80.625
60.30340000009164,80.6484375
60.40335000003688,80.4921875
60.50329999998212,80.6640625
60.60330000007525,81.2578125
60.70335000008345,80.9921875
60.803300000028685,80.9921875
60.90345000009984,81.1875
61.00329999998212,81.2890625
61.103349999990314,81.0703125
61.20335000008345,81.40625
61.30340000009164,81.6640625
61.403399999951944,81.8203125
61.50335000013001,81.4765625
61.603349999990314,82.125
61.70339999999851,81.9765625
61.80340000009164,81.8828125
61.9035000000149,82.046875
62.00335000013001,82.125
62.10345000005327,82.3046875
62.20339999999851,82.3671875
62.303450000006706,82.421875
62.40345000009984,82.75
62.50344999996014,82.53125
62.60340000013821,83.0546875
62.70339999999851,82.703125
62.803450000006706,82.8984375
62.90360000007786,83.3515625
63.00359999993816,82.53125
63.10360000003129,83.2265625
63.203600000124425,83.3984375
63.30429999995977,83.6015625
63.40364999999292,83.3046875
63.503650000086054,83.53125
63.60370000009425,83.546875
63.70369999995455,83.5078125
63.803700000047684,83.921875
63.904250000137836,83.84375
64.00424999999814,84.1953125
64.10425000009127,84.0859375
64.20430000009947,84.109375
64.3042500000447,84.3125
64.40370000014082,84.7890625
64.50370000000112,84.7109375
64.60370000009425,84.7734375
64.70375000010245,84.7109375
64.80380000011064,85.0
64.90370000014082,84.6875
65.00375000014901,85.0390625
65.10375000000931,85.0234375
65.20375000010245,85.1875
65.30435000010766,85.1796875
65.40385000011884,85.25
65.50375000014901,85.28125
65.60380000015721,85.6640625
65.70375000010245,85.4765625
65.8038500000257,85.78125
65.90375000005588,85.6484375
66.00380000006407,85.8984375
66.10380000015721,85.9609375
66.20380000001751,85.984375
66.30440000002272,86.03125
66.40385000011884,86.25
66.50380000006407,86.578125
66.60385000007227,86.40625
66.70384999993257,86.515625
66.8038500000257,86.5625
66.9039000000339,86.703125
67.00384999997914,86.8515625
67.10385000007227,86.8671875
67.20390000008047,86.8984375
67.30450000008568,87.21875
67.4039000000339,87.1796875
67.5039500000421,87.3125
67.60389999998733,87.1484375
67.70394999999553,87.4140625
67.80395000008866,87.2734375
67.9039000000339,87.6015625
68.00390000012703,87.3671875
68.10389999998733,87.6015625
68.20394999999553,87.6953125
68.30450000008568,87.625
68.40394999994896,87.484375
68.5039500000421,87.4296875
68.60395000013523,87.328125
68.70400000014342,87.84375
68.80400000000373,87.7421875
68.90460000000894,87.6953125
69.00454999995418,87.5
69.10455000004731,87.7421875
69.2046000000555,87.65625
69.30460000014864,87.6953125
69.40400000009686,87.875
69.50399999995716,87.484375
69.60404999996535,87.7578125
69.70400000014342,87.859375
69.80410000006668,87.5546875
69.90405000001192,87.5390625
70.00399999995716,87.5546875
70.10404999996535,87.78125
70.20409999997355,87.5703125
70.30460000014864,87.453125
70.40409999992698,87.7578125
70.50414999993518,87.6015625
70.60404999996535,87.65625
70.70409999997355,87.640625
70.80414999998175,87.828125
70.90409999992698,87.6875
71.00410000002012,87.765625
71.10404999996535,87.671875
71.20415000012144,87.4453125
71.30469999997877,87.4453125
71.40415000007488,87.5
71.50420000008307,87.625
71.60415000002831,87.21875
71.70424999995157,87.484375
71.8042500000447,87.328125
71.90419999998994,87.453125
72.00420000008307,87.3828125
72.10415000002831,87.109375
72.20415000012144,87.296875
72.30480000004172,87.3125
72.40419999998994,87.1640625
72.50420000008307,86.96875
72.60419999994338,86.71875
72.70415000012144,87.0546875
72.8042500000447,87.078125
72.90425000013784,86.8984375
73.00465000001714,86.5078125
73.10470000002533,86.78125
73.20464999997057,86.578125
73.30524999997579,86.6015625
73.4047000000719,86.21875
73.5046999999322,86.140625
73.60470000002533,86.3515625
73.70470000011846,86.234375
73.80469999997877,86.0390625
73.905449999962,85.875
74.00530000007711,86.1796875
74.10540000000037,85.765625
74.20534999994561,85.875
74.30535000003874,86.0
74.40474999998696,85.09375
74.5047500000801,85.1328125
74.6047499999404,84.8203125
74.70479999994859,85.5859375
74.80475000012666,84.9453125
74.90489999996498,84.6484375
75.00479999999516,84.484375
75.10490000015125,84.03125
75.20479999994859,84.1640625
75.3053999999538,84.2578125
75.40485000004992,84.15625
75.50485000014305,83.890625
75.60480000008829,83.8359375
75.70485000009649,83.5546875
75.80480000004172,83.4765625
75.90500000002794,83.2109375
76.00485000014305,83.546875
76.10495000006631,83.453125
76.20485000009649,83.3515625
76.30560000007972,83.1328125
76.40489999996498,82.7265625
76.50494999997318,82.6875
76.60490000015125,82.671875
76.70490000001155,82.5625
76.80495000001974,82.3984375
76.9051000000909,82.40625
77.00490000005811,82.046875
77.10499999998137,81.9375
77.20494999992661,81.9765625
77.30554999993183,81.7265625
77.40500000002794,81.6875
77.50500000012107,81.359375
77.60495000006631,81.4609375
77.70494999992661,81.2734375
77.80495000001974,81.3125
77.9051000000909,81.8515625
78.00439999997616,80.125
78.10450000013225,81.8359375
78.20449999999255,80.7734375
78.30455000000075,81.078125
78.40445000003092,81.0390625
78.50445000012405,80.6875
78.60444999998435,80.8828125
78.70449999999255,80.6640625
78.80444999993779,80.4453125
78.90525000006892,80.5546875
79.00505000003614,80.515625
79.1051499999594,80.640625
79.20510000013746,80.4453125
79.30450000008568,80.2421875
79.40449999994598,80.0859375
79.50454999995418,80.0078125
79.60455000004731,79.7890625
79.70455000014044,80.0859375
79.80450000008568,79.828125
79.90465000015683,79.7734375
80.00450000003912,79.8046875
80.10459999996237,79.6875
80.20455000014044,79.6484375
80.30460000014864,79.6484375
80.40460000000894,79.5625
80.50460000010207,79.53125
80.60459999996237,79.484375
80.7046000000555,79.3984375
80.80455000000075,79.3828125
80.90474999998696,79.3671875
81.00460000010207,79.171875
81.10470000002533,79.0625
81.20464999997057,79.234375
81.3046500000637,79.0234375
81.40465000015683,78.8984375
81.50465000001714,79.0703125
81.60465000011027,78.9921875
81.70464999997057,78.6796875
81.80475000012666,79.0234375
81.90480000013486,79.1484375
82.00485000014305,78.8984375
82.10495000006631,78.8046875
82.2050000000745,78.9375
82.30509999999776,78.6953125
82.40520000015385,78.578125
82.50524999992922,78.53125
82.60525000002235,78.5
82.70525000011548,78.4453125
82.80524999997579,78.359375
82.90540000004694,78.4453125
83.00524999992922,78.1484375
83.10535000008531,78.3671875
83.20530000003055,78.5
83.30535000003874,78.2890625
83.40535000013188,78.203125
83.50534999999218,78.2578125
83.60529999993742,77.9921875
83.70534999994561,77.8125
83.80535000003874,77.9375
83.90610000002198,77.8984375
84.0058999999892,77.7890625
84.10600000014529,77.8125
84.20600000000559,77.640625
84.3054500001017,77.4609375
84.40485000004992,77.65625
84.50485000014305,77.40625
84.60485000000335,77.71875
84.70485000009649,77.328125
84.80484999995679,77.0234375
84.90500000002794,76.8671875
85.00485000014305,76.6171875
85.10495000006631,76.640625
85.20490000001155,76.6640625
85.30490000010468,77.171875
85.40489999996498,76.4453125
85.50494999997318,76.2734375
85.60495000006631,75.7578125
85.70494999992661,76.09375
85.80495000001974,76.5390625
85.9051000000909,75.4453125
86.00494999997318,76.2578125
86.10499999998137,75.3828125
86.2050000000745,75.78125
86.3050500000827,75.3984375
86.40500000002794,75.515625
86.50500000012107,75.296875
86.60495000006631,75.5703125
86.7050000000745,75.3671875
86.80495000001974,75.2734375
86.90515000000596,76.5234375
87.00500000012107,74.671875
87.10505000012927,75.0390625
87.2050000000745,74.8359375
87.30509999999776,74.7421875
87.405049999943,74.7421875
87.5050999999512,74.4609375
87.60499999998137,74.8359375
87.70504999998957,74.671875
87.8050500000827,74.578125
87.90520000015385,74.5390625
88.00505000003614,74.109375
88.1051499999594,74.3359375
88.20510000013746,74.0390625
88.30515000014566,74.0546875
88.40515000000596,73.9296875
88.50515000009909,74.265625
88.60510000004433,73.8984375
88.70515000005253,74.109375
88.80509999999776,73.7578125
88.905849999981,73.640625
89.00570000009611,73.6484375
89.10580000001937,73.6484375
89.2058000001125,73.5859375
89.30520000006072,73.8125
89.40520000015385,73.3046875
89.50515000009909,73.6171875
89.6051499999594,73.546875
89.70519999996759,73.6640625
89.80524999997579,73.3125
89.90529999998398,73.53125
90.00540000014007,73.015625
90.10529999993742,73.515625
90.20525000011548,73.2578125
90.3057999999728,73.0390625
90.40529999998398,72.9765625
90.50540000014007,72.96875
90.60525000002235,72.9921875
90.70525000011548,73.2578125
90.80524999997579,73.0859375
90.90540000004694,72.8125
91.00540000014007,72.8515625
91.10535000008531,72.7421875
91.20530000003055,72.578125
91.3058500001207,72.9296875
91.40535000013188,72.3359375
91.50534999999218,72.6953125
91.60535000008531,72.296875
91.70534999994561,72.390625
91.80535000003874,72.5390625
91.905449999962,72.1796875
92.00540000014007,72.109375
92.10540000000037,72.359375
92.2054000000935,72.3125
92.30590000003576,71.8671875
92.405449999962,72.234375
92.50545000005513,71.921875
92.60540000000037,72.015625
92.7054000000935,71.96875
92.8054500001017,71.609375
92.90555000002496,71.7109375
93.00540000014007,71.7890625
93.10550000006333,71.5703125
93.2054000000935,71.703125
93.30605000001378,71.90625
93.405449999962,71.6328125
93.50545000005513,71.5
93.60545000014827,71.5234375
93.70545000000857,71.4375
93.80550000001676,71.265625
93.90625,71.25
94.00610000011511,71.53125
94.10615000012331,71.25
94.20605000015348,70.953125
94.3061999999918,71.3125
94.40559999994002,71.125
94.50564999994822,71.0703125
94.6055499999784,70.9140625
94.70550000015646,71.15625
94.80550000001676,71.015625
94.90559999994002,70.7890625
95.00560000003316,70.8203125
95.10560000012629,71.1015625
95.20555000007153,70.8515625
95.30670000007376,70.8515625
95.40669999993406,70.7578125
95.50665000011213,70.984375
95.60660000005737,71.1640625
95.70669999998063,70.7109375
95.8066000000108,70.6875
95.90685000014491,70.7578125
96.00665000011213,71.1015625
96.10679999995045,70.78125
96.20610000006855,70.7265625
96.3074000000488,70.7890625
96.40669999993406,71.109375
96.50615000003017,70.8671875
96.60664999997243,70.8984375
96.70669999998063,70.6484375
96.80670000007376,70.96875
96.90685000014491,70.953125
97.0067000000272,70.8203125
97.10690000001341,70.96875
97.20675000012852,71.1953125
97.30674999998882,70.875
97.40610000002198,70.9921875
97.50610000011511,70.921875
97.60584999993443,71.2421875
97.7058000001125,71.3359375
97.8057999999728,70.84375
97.905849999981,71.25
98.00564999994822,71.7421875
98.10580000001937,71.15625
98.20570000004955,71.296875
98.30570000014268,71.40625
98.40570000000298,71.078125
98.50570000009611,71.28125
98.60569999995641,71.46875
98.70570000004955,71.65625
98.80630000005476,71.5703125
98.90650000004098,71.4453125
99.00625000009313,71.8671875
99.10584999993443,71.828125
99.2058000001125,71.390625
99.3057999999728,71.984375
99.40580000006594,71.875
99.50579999992624,71.578125
99.60580000001937,71.6953125
99.7058000001125,71.96875
99.8057999999728,71.6796875
99.90599999995902,72.078125
100.00579999992624,72.2578125
100.10594999999739,71.984375
100.2058000001125,72.1875
100.30590000003576,71.8671875
100.4059000001289,71.984375
100.5058999999892,72.09375
100.60584999993443,72.1171875
100.70589999994263,72.28125
100.8058500001207,72.5390625
100.90605000010692,71.90625
101.00595000013709,72.671875
101.10600000014529,72.34375
101.20589999994263,72.25
101.30600000009872,72.1875
101.40599999995902,71.6484375
101.50600000005215,70.4296875
101.60600000014529,73.2109375
101.70605000015348,71.4453125
101.80600000009872,72.6015625
101.90614999993704,71.6328125
102.00600000005215,72.1875
102.10609999997541,72.1796875
102.20600000000559,72.0390625
102.30605000001378,72.234375
102.40605000010692,72.4765625
102.50615000003017,72.0
102.60600000014529,72.1328125
102.70605000015348,72.3359375
102.80605000001378,72.0234375
102.90620000008494,72.2421875
103.00604999996722,72.3984375
103.10620000003837,72.1953125
103.20610000006855,72.3359375
103.30670000007376,72.265625
103.40614999993704,72.4140625
103.50615000003017,72.453125
103.60609999997541,72.375
103.7062000001315,72.3984375
103.8061999999918,72.4921875
103.90694999997504,72.25
104.0067000000272,72.3984375
104.10624999995343,72.796875
104.20614999998361,72.578125
104.30670000007376,72.4453125
104.40625,72.4375
104.50625000009313,71.984375
104.60615000012331,72.15625
104.70629999996163,72.1328125
104.8061999999918,71.921875
104.90635000006296,72.1328125
105.00615000003017,71.84375
105.10630000010133,71.53125
105.20629999996163,71.734375
105.30680000013672,71.4609375
105.4063000001479,71.2109375
105.5063000000082,71.2734375
105.60620000003837,71.1796875
105.7062000001315,71.1953125
105.80630000005476,71.1328125
105.90639999997802,70.9375
106.00625000009313,71.140625
106.10635000001639,71.1015625
106.20629999996163,70.921875
106.30689999996684,71.296875
106.4063000001479,70.765625
106.5063000000082,70.765625
106.60630000010133,70.9296875
106.70629999996163,70.546875
106.80640000011772,70.7890625
106.90650000004098,70.65625
107.00635000015609,70.5078125
107.10639999993145,70.765625
107.20640000002459,70.578125
107.30695000011474,70.4140625
107.40639999997802,70.6484375
107.50640000007115,70.3203125
107.60639999993145,70.265625
107.70640000002459,70.578125
107.80640000011772,70.3203125
107.90654999995604,70.4765625
108.00640000007115,70.3046875
108.10700000007637,69.9375
108.2069500000216,70.21875
108.30755000002682,70.1953125
108.40700000012293,69.9140625
108.50695000006817,69.984375
108.60694999992847,69.9140625
108.70699999993667,70.0078125
108.8070000000298,69.8125
108.90775000001304,69.578125
109.00760000012815,69.78125
109.10765000013635,69.2734375
109.20705000008456,69.4375
109.30645000003278,69.5546875
109.40650000004098,69.0546875
109.50650000013411,69.234375
109.60649999999441,68.84375
109.70650000008754,68.7265625
109.8070000000298,69.0546875
109.90669999993406,68.6796875
110.00650000013411,68.7734375
110.10660000005737,68.4296875
110.20650000008754,68.375
110.30655000009574,68.6328125
110.40654999995604,68.25
110.50655000004917,67.828125
110.6065500001423,68.25
110.70655000000261,67.90625
110.8066000000108,68.0078125
110.90679999999702,67.671875
111.00655000004917,67.7265625
111.10670000012033,67.8046875
111.2066000001505,67.515625
111.3066000000108,67.609375
111.40660000010394,67.8359375
111.50665000011213,67.9609375
111.60660000005737,67.5546875
111.7066000001505,67.515625
111.8066500001587,67.6796875
111.90679999999702,67.6171875
112.00665000011213,67.6171875
112.10675000003539,67.890625
112.20665000006557,67.46875
112.30689999996684,67.7265625
112.40669999993406,67.4375
112.5067000000272,67.5625
112.60664999997243,67.75
112.70665000006557,67.3515625
112.80670000007376,67.6875
112.90690000005998,67.21875
113.0067000000272,67.4140625
113.10679999995045,67.6171875
113.20675000012852,67.3828125
113.30674999998882,67.6328125
113.40675000008196,67.3359375
113.50674999994226,67.4140625
113.60675000003539,67.609375
113.70675000012852,67.421875
113.80725000007078,67.78125
113.90755000011995,67.390625
114.00729999993928,67.3046875
114.10750000015832,67.5546875
114.20739999995567,67.140625
114.3070000000298,67.71875
114.40685000014491,67.3046875
114.50680000009015,67.3828125
114.60679999995045,67.4609375
114.70684999995865,67.2421875
114.80735000013374,67.5
114.90700000012293,67.1875
115.00680000009015,67.3359375
115.10694999992847,67.5546875
115.20684999995865,67.2734375
115.30695000011474,67.53125
115.40749999997206,67.328125
115.50745000015013,67.2109375
115.60745000001043,67.4140625
115.70750000001863,67.2421875
115.8074000000488,67.5546875
115.907050000038,67.4375
116.00685000000522,67.34375
116.10704999999143,67.4375
116.20690000010654,66.9609375
116.3070000000298,67.4296875
116.40694999997504,67.0
116.50695000006817,67.1875
116.60694999992847,67.296875
116.70699999993667,67.046875
116.80744999996386,67.34375
116.90709999995306,66.890625
117.00695000006817,67.0078125
117.10710000013933,66.984375
117.20699999993667,66.7890625
117.30704999994487,67.046875
117.40755000011995,66.625
117.50705000013113,66.90625
117.60700000007637,66.75
117.70705000008456,66.625
117.8070000000298,66.84375
117.90715000010096,66.3828125
118.00699999998324,66.65625
118.10715000005439,66.4140625
118.20709999999963,66.421875
118.30744999996386,66.703125
118.40760000003502,66.28125
118.50760000012815,66.53125
118.60759999998845,66.3046875
118.70760000008158,66.0625
118.8081499999389,66.1875
118.90835000015795,65.96875
119.00820000004023,66.15625
119.10825000004843,65.6796875
119.20830000005662,65.78125
119.30715000000782,65.6875
119.40830000001006,65.3828125
119.50769999995828,65.484375
119.60765000013635,65.0390625
119.70764999999665,65.203125
119.8081499999389,65.15625
119.907850000076,64.9375
120.00765000004321,64.9765625
120.10774999996647,64.703125
120.2077500000596,64.875
120.30770000000484,64.2265625
120.40835000015795,64.453125
120.50830000010319,64.171875
120.60829999996349,63.75
120.70834999997169,64.0390625
120.80830000014976,63.71875
120.907850000076,63.8671875
121.00775000010617,63.5625
121.10829999996349,63.3984375
121.20830000005662,63.40625
121.30835000006482,63.125
121.40835000015795,63.078125
121.50835000001825,62.7109375
121.60829999996349,62.828125
121.70830000005662,62.609375
121.80825000000186,62.7109375
121.90844999998808,62.3046875
122.00835000001825,62.3828125
122.10840000002645,62.453125
122.20830000005662,62.1953125
122.30845000012778,62.296875
122.40835000015795,62.1953125
122.50735000008717,62.25
122.60730000003241,61.9453125
122.70730000012554,62.140625
122.80725000007078,62.1015625
122.90795000013895,62.21875
123.00735000008717,62.2421875
123.10734999994747,61.921875
123.2073500000406,62.1171875
123.30744999996386,61.90625
123.40740000014193,62.0703125
123.50735000008717,61.7578125
123.60734999994747,61.84375
123.7073500000406,61.75
123.80729999998584,61.9140625
123.9085999999661,61.8828125
124.00845000008121,61.7421875
124.10860000015236,61.9140625
124.20849999994971,61.5
124.3074000000488,61.6328125
124.40749999997206,61.625
124.50735000008717,61.6796875
124.60734999994747,61.65625
124.7073500000406,61.5546875
124.8074000000488,61.671875
124.90755000011995,61.59375
125.00735000008717,61.796875
125.10750000015832,61.5546875
125.20739999995567,61.5390625
125.3074000000488,61.4296875
125.40749999997206,61.6953125
125.50745000015013,61.6171875
125.60740000009537,62.4296875
125.70739999995567,61.4609375
125.8074000000488,61.4765625
125.90755000011995,61.65625
126.00740000000224,61.734375
126.10750000015832,61.6953125
126.20745000010356,61.8046875
126.30744999996386,61.6328125
126.40755000011995,61.7265625
126.50750000006519,61.6640625
126.60745000001043,61.6796875
126.70750000001863,61.9140625
126.80750000011176,61.8359375
126.90764999995008,61.921875
127.00750000006519,61.8203125
127.10759999998845,62.078125
127.20754999993369,62.0625
127.30755000002682,62.046875
127.40755000011995,61.953125
127.50769999995828,62.1484375
127.60755000007339,61.9765625
127.70754999993369,62.0625
127.80755000002682,62.296875
127.90770000009798,62.34375
128.00754999998026,62.3125
128.10765000013635,62.4296875
128.20760000008158,62.5390625
128.30765000008978,62.53125
128.40764999995008,62.453125
128.50800000014715,62.515625
128.60765000013635,62.484375
128.70760000008158,62.5546875
128.80759999994189,62.6484375
128.90840000007302,62.6484375
129.00820000004023,62.78125
129.1082999999635,62.6796875
129.20830000005662,62.3671875
129.3078000000678,62.4921875
129.40770000009798,63.734375
129.50780000002123,62.28125
129.6077000000514,63.234375
129.70779999997467,62.8359375
129.80775000015274,63.078125
129.90789999999106,62.9375
130.00780000002123,63.171875
130.10785000002943,63.359375
130.20779999997467,63.03125
130.30799999996088,63.265625
130.407850000076,63.3359375
130.5078499999363,63.4375
130.6078999999445,63.6171875
130.70790000003763,63.3984375
130.8078000000678,63.8125
130.90800000005402,63.640625
131.00780000002123,63.8359375
131.1079500000924,63.828125
131.20785000012256,63.8359375
131.30790000013076,63.9296875
131.40789999999106,63.9375
131.5079000000842,64.0546875
131.6078999999445,63.9140625
131.70790000003763,64.34375
131.80795000004582,64.2421875
131.90804999996908,64.3046875
132.0079000000842,64.2109375
132.10800000000745,64.1875
132.2079499999527,64.6171875
132.30810000002384,64.234375
132.40800000005402,64.1015625
132.5080500000622,64.4375
132.60800000000745,64.5
132.7079499999527,63.5
132.80795000004582,64.7890625
132.90810000011697,64.2265625
133.00794999999925,64.3203125
133.10805000015534,64.40625
133.20800000010058,64.359375
133.30799999996088,64.3671875
133.40800000005402,64.5234375
133.5080500000622,64.375
133.60800000000745,63.4609375
133.70800000010058,64.71875
133.80799999996088,63.8359375
133.90874999994412,64.4375
134.00855000014417,64.0078125
134.10865000006743,63.9453125
134.20864999992773,63.859375
134.30805000010878,64.359375
134.40804999996908,63.5546875
134.5080500000622,63.875
134.60805000015534,64.078125
134.70840000011958,63.390625
134.80805000010878,63.625
134.9081999999471,63.7578125
135.0080500000622,63.7734375
135.10814999998547,63.578125
135.2080999999307,63.2890625
135.3081499999389,63.6875
135.40815000003204,63.2734375
135.50815000012517,63.125
135.60814999998547,63.46875
135.7081500000786,63.234375
135.80810000002384,63.5546875
135.908250000095,63.3359375
136.00815000012517,63.4921875
136.10820000013337,63.34375
136.2081500000786,63.0625
136.3082000000868,63.7890625
136.4081999999471,63.25
136.50820000004023,63.6875
136.60820000013337,63.28125
136.70825000014156,63.40625
136.80825000000186,64.3671875
136.90835000015795,63.4453125
137.00820000004023,63.953125
137.10825000004843,64.0546875
137.20825000014156,63.5078125
137.30825000000186,64.34375
137.408250000095,63.796875
137.5083000001032,63.921875
137.60825000004843,64.359375
137.70825000014156,63.578125
137.80830000014976,64.2265625
137.90840000007302,64.1953125
138.0082499999553,64.1640625
138.1082999999635,64.3671875
138.20830000005662,63.9453125
138.30830000014976,63.984375
138.40835000015795,64.3984375
138.50835000001825,64.3203125
138.6082999999635,64.171875
138.70830000005662,64.6015625
138.80839999997988,64.390625
138.909050000133,64.515625
139.00890000001527,64.921875
139.10895000002347,65.0078125
139.2089500001166,64.6171875
139.30839999997988,64.796875
139.40844999998808,65.2734375
139.50839999993332,64.6171875
139.60840000002645,64.6640625
139.70840000011958,65.2421875
139.80839999997988,65.3203125
139.9085999999661,65.0078125
140.00835000001825,65.265625
140.1084499999415,65.7890625
140.20845000003465,65.203125
140.30845000012778,65.375
140.40850000013597,65.53125
140.50849999999627,65.8125
140.6085000000894,66.328125
140.70845000003465,65.90625
140.80845000012778,66.0703125
140.90895000007004,65.84375
141.0084500000812,66.1796875
141.1085000000894,66.5390625
141.2085500000976,66.4140625
141.3085499999579,66.4140625
141.40855000005104,66.3359375
141.50855000014417,66.6640625
141.60855000000447,66.8984375
141.7085500000976,66.9609375
141.8085499999579,67.5078125
141.90870000002906,67.328125
142.00849999999627,67.640625
142.10855000000447,67.71875
142.2085500000976,67.7109375
142.3085499999579,67.59375
142.4085999999661,67.46875
142.5086499999743,67.6171875
142.60860000015236,67.3984375
142.70860000001267,67.46875
142.80909999995492,67.765625
142.90929999994114,67.6328125
143.00860000005923,67.6484375
143.10860000015236,67.5625
143.20860000001267,67.234375
143.30865000002086,67.859375
143.408650000114,67.890625
143.5086499999743,68.078125
143.60860000015236,68.03125
143.70864999992773,67.59375
143.80865000002086,68.125
143.90995000000112,67.8359375
144.00919999997132,68.234375
144.1093000001274,68.0703125
144.2092999999877,68.078125
144.30869999993593,68.25
144.40874999994412,68.1875
144.5087000001222,68.25
144.6086999999825,68.2265625
144.70870000007562,68.3828125
144.80869999993593,68.5703125
144.90885000000708,68.3359375
145.0087000001222,68.703125
145.10875000013039,68.4609375
145.2087499999907,68.5703125
145.30879999999888,68.6875
145.40880000009201,68.3828125
145.50875000003725,68.6484375
145.60875000013039,68.484375
145.70880000013858,68.46875
145.80879999999888,69.0234375
145.90890000015497,68.5390625
146.00875000003725,68.3671875
146.1089000001084,68.796875
146.20880000013858,68.5390625
146.30885000014678,68.796875
146.40885000000708,68.953125
146.50890000001527,68.9375
146.6088499999605,69.109375
146.70885000005364,69.0703125
146.80885000014678,69.21875
146.90895000007004,69.15625
147.0088500001002,69.171875
147.1093000001274,68.828125
147.2088999999687,68.9609375
147.30890000006184,68.9609375
147.40890000015497,68.8203125
147.50900000007823,68.7109375
147.6089000001084,68.890625
147.7089500001166,68.75
147.80890000006184,68.921875
147.909050000133,68.953125
148.00890000001527,69.09375
148.10899999993853,69.015625
148.20900000003166,69.171875
148.30920000001788,69.234375
148.4089999999851,69.046875
148.50900000007823,69.203125
148.60899999993853,69.015625
148.70900000003166,69.03125
148.8090000001248,69.265625
148.90975000010803,69.1015625
149.00959999999031,69.3046875
149.1096499999985,69.2265625
149.20965000009164,69.6171875
149.30909999995492,69.6875
149.409050000133,69.6171875
149.5090499999933,69.6328125
149.6091000000015,69.375
149.70904999994673,69.3359375
149.80905000003986,69.3515625
149.909200000111,69.296875
150.0091000001412,69.6875
150.10915000014938,69.796875
150.20910000009462,69.78125
150.30930000008084,69.7578125
150.40914999996312,69.625
150.50915000005625,69.5
150.60915000014938,69.578125
150.70915000000969,69.6328125
150.80915000010282,69.8125
150.90929999994114,70.1640625
151.00915000005625,69.4765625
151.1092499999795,69.9375
151.20920000015758,69.6015625
151.30920000001788,69.703125
151.40925000002608,69.625
151.5092500001192,69.984375
151.60920000006445,70.109375
151.70925000007264,70.015625
151.80920000001788,69.6796875
151.90935000008903,69.8125
152.00919999997132,69.9765625
152.1092499999795,70.2890625
152.20925000007264,70.453125
152.30930000008084,70.359375
152.40935000008903,70.0703125
152.50934999994934,70.0625
152.6092499999795,69.828125
152.7092999999877,70.0390625
152.80930000008084,70.359375
152.909450000152,70.078125
153.00930000003427,70.03125
153.10939999995753,70.015625
153.2093500001356,70.3828125
153.3097500000149,70.6796875
153.40935000008903,70.3203125
153.50940000009723,70.40625
153.60935000004247,70.3203125
153.7093500001356,70.046875
153.8093499999959,70.8515625
153.91009999997914,70.4765625
154.0100000000093,70.4921875
154.1107000000775,70.625
154.21020000008866,70.5625
154.30964999995194,71.1953125
154.40975000010803,70.875
154.50980000011623,70.7421875
154.6099000000395,70.671875
154.70995000004768,71.21875
154.80995000014082,71.0
154.91009999997914,70.921875
155.00995000009425,71.2109375
155.11110000009649,71.6875
155.21005000011064,71.1640625
155.31004999997094,71.015625
155.41119999997318,71.09375
155.51115000015125,71.15625
155.61175000015646,71.125
155.71120000001974,71.484375
155.81059999996796,71.6328125
155.91075000003912,71.546875
156.01060000015423,71.5234375
156.1112500000745,70.8125
156.21065000002272,71.46875
156.31070000003092,71.3203125
156.41064999997616,71.6015625
156.5106500000693,71.8203125
156.6112500000745,71.4921875
156.71065000002272,71.328125
156.81065000011586,71.2109375
156.91085000010207,71.3515625
157.01069999998435,71.28125
157.10960000008345,71.53125
157.21075000008568,71.8125
157.31074999994598,71.3671875
157.41075000003912,71.234375
157.5102500000503,71.1015625
157.6112500000745,71.265625
157.71020000008866,70.8828125
157.8101500000339,71.078125
157.91035000002012,70.9375
158.01020000013523,71.3671875
158.11019999999553,71.0234375
158.21025000000373,70.8125
158.31004999997094,70.96875
158.41015000012703,70.9140625
158.5100500001572,70.65625
158.61049999995157,70.734375
158.70980000006966,70.953125
158.80989999999292,70.96875
158.91045000008307,70.9375
159.01035000011325,70.3203125
159.11049999995157,70.1953125
159.21039999998175,70.25
159.30989999999292,70.5859375
159.41039999993518,70.4453125
159.51014999998733,70.453125
159.60985000012442,70.4140625
159.70980000006966,71.0
159.80979999992996,70.7109375
159.90990000008605,70.3984375
160.0098500000313,70.21875
160.11049999995157,69.828125
160.21005000011064,70.140625
160.31044999998994,70.21875
160.40990000008605,69.796875
160.50995000009425,70.0546875
160.6104500000365,69.6796875
160.70990000013262,69.9375
160.80995000014082,69.953125
160.910000000149,69.953125
161.00989999994636,70.234375
161.1104500000365,70.0
161.20995000004768,69.4140625
161.3105500000529,69.5078125
161.41005000006407,69.28125
161.51014999998733,69.125
161.61019999999553,69.6796875
161.71039999998175,69.6015625
161.81025000009686,69.3984375
161.91024999995716,69.53125
162.01035000011325,69.21875
162.11080000014044,69.296875
162.21030000015162,68.9921875
162.31090000015683,69.0703125
162.41039999993518,69.0703125
162.51029999996535,68.9375
162.61089999997057,69.3359375
162.71094999997877,69.1796875
162.81099999998696,69.375
162.91110000014305,69.4609375
163.01110000000335,69.03125
163.11110000009649,68.890625
163.21115000010468,68.890625
163.3117500001099,68.8515625
163.41115000005811,68.9921875
163.5112000000663,68.3046875
163.6111999999266,68.296875
163.71115000010468,68.21875
163.81110000004992,68.09375
163.91189999994822,68.2421875
164.0117999999784,68.1796875
164.11180000007153,68.2734375
164.21179999993183,68.03125
164.31180000002496,68.0390625
164.41125000012107,68.1796875
164.51124999998137,68.0703125
164.6111999999266,68.03125
164.71120000001974,68.09375
164.81004999997094,67.859375
164.9102000000421,68.1171875
165.01010000007227,67.9765625
165.11009999993257,67.90625
165.2101000000257,67.9140625
165.31010000011884,67.8671875
165.41015000012703,68.0078125
165.51014999998733,67.9140625
165.61009999993257,67.859375
165.71014999994077,67.9765625
165.81010000011884,67.765625
165.91024999995716,67.8828125
166.01014999998733,67.96875
166.11019999999553,67.9375
166.21014999994077,67.9765625
166.31034999992698,67.796875
166.41024999995716,67.921875
166.51029999996535,67.78125
166.61019999999553,67.8671875
166.71020000008866,67.9921875
166.81019999994896,67.890625
166.91035000002012,67.8359375
167.0112000000663,67.8125
167.1103000000585,67.765625
167.21025000000373,67.9296875
167.31030000001192,67.921875
167.41030000010505,67.953125
167.51084999996237,67.8125
167.61025000014342,67.7109375
167.71025000000373,67.875
167.81030000001192,67.7578125
167.91039999993518,68.0078125
168.0108000000473,67.90625
168.11074999999255,67.8515625
168.21035000006668,68.0703125
168.31044999998994,67.859375
168.41035000002012,68.109375
168.51090000011027,67.8828125
168.61034999997355,67.734375
168.71035000006668,68.0859375
168.81034999992698,68.078125
168.91110000014305,68.2265625
169.0114500001073,68.25
169.11095000011846,68.1015625
169.21100000012666,68.1015625
169.31040000007488,68.25
169.41045000008307,68.6484375
169.51044999994338,68.6484375
169.61040000012144,68.5703125
169.71039999998175,68.8203125
169.81040000007488,68.6484375
169.91055000014603,68.6875
170.0104000000283,68.84375
170.1104500000365,68.7109375
170.21045000012964,68.84375
170.31044999998994,68.8125
170.41049999999814,68.7734375
170.51050000009127,68.703125
170.61049999995157,68.6796875
170.7105000000447,69.125
170.81044999998994,69.1953125
170.9106000000611,69.1171875
171.01050000009127,69.1796875
171.11055000009947,69.5625
171.2105000000447,69.6328125
171.3105500000529,69.71875
171.41055000014603,69.6015625
171.51055000000633,69.3515625
171.61055000009947,69.390625
171.71054999995977,69.3203125
171.81050000013784,69.265625
171.91070000012405,69.15625
172.01055000000633,69.4375
172.11055000009947,69.7265625
172.21060000010766,69.8984375
172.31059999996796,69.7265625
172.41064999997616,69.7578125
172.5106500000693,69.6796875
172.61055000009947,69.8984375
172.71065000002272,69.875
172.81059999996796,70.171875
172.91075000003912,70.3515625
173.0106500000693,70.0546875
173.1107000000775,70.03125
173.21065000002272,69.7578125
173.31070000003092,70.453125
173.41075000003912,70.4765625
173.51069999998435,70.28125
173.6107000000775,70.3828125
173.7106999999378,70.5
173.81070000003092,70.7421875
173.91145000001416,70.953125
174.01124999998137,70.6171875
174.11135000013746,70.6875
174.21134999999776,70.5546875
174.31074999994598,71.0390625
174.41079999995418,70.546875
174.5108000000473,70.6796875
174.61074999999255,70.84375
174.71075000008568,71.296875
174.81074999994598,71.0703125
174.91090000001714,71.2265625
175.01075000013225,71.1953125
175.11080000014044,71.5234375
175.21080000000075,71.125
175.31080000009388,71.4140625
175.41085000010207,71.859375
175.51084999996237,71.78125
175.61080000014044,71.71875
175.71080000000075,71.8984375
175.81085000000894,71.796875
175.9110000000801,71.875
176.01084999996237,72.015625
176.1108500000555,72.0859375
176.2109000000637,72.2109375
176.31090000015683,71.875
176.4109499999322,72.375
176.51095000002533,72.2578125
176.61089999997057,72.5703125
176.7109000000637,72.59375
176.81090000015683,72.46875
176.91110000014305,72.6171875
177.01090000011027,72.8203125
177.11095000011846,73.0703125
177.21094999997877,72.6015625
177.31145000015385,72.890625
177.41165000014007,72.9296875
177.51154999993742,73.046875
177.61155000003055,73.6484375
177.7116499999538,72.890625
177.81099999998696,73.375
177.91110000014305,73.2421875
178.01110000000335,73.40625
178.1114499999676,73.3359375
178.21115000010468,73.40625
178.31160000013188,73.1640625
178.4117499999702,73.6640625
178.51215000008233,73.515625
178.61230000015348,73.59375
178.71230000001378,73.953125
178.81184999994002,73.6953125
178.91244999994524,73.8203125
179.01249999995343,74.0390625
179.11260000010952,73.84375
179.21270000003278,73.6875
179.3121500001289,74.5859375
179.4121499999892,74.109375
179.51209999993443,74.046875
179.61214999994263,74.6015625
179.71215000003576,74.3671875
179.8121500001289,74.78125
179.9121499999892,74.71875
180.01209999993443,74.6484375
180.11214999994263,75.15625
180.21219999995083,74.8359375
180.3121500001289,74.828125
180.4122000001371,75.1484375
180.5121999999974,75.3125
180.61220000009052,74.9921875
180.71219999995083,75.6015625
180.81220000004396,75.71875
180.9122000001371,75.59375
181.0122500001453,75.5546875
181.1122500000056,75.6796875
181.21230000001378,75.5078125
181.31230000010692,76.1875
181.4123500001151,76.015625
181.5123499999754,75.78125
181.61230000015348,76.1328125
181.71234999992885,76.328125
181.81235000002198,75.8828125
181.91244999994524,75.828125
182.0117999999784,76.1640625
182.11180000007153,76.40625
182.21185000007972,75.1484375
182.31184999994002,76.0234375
182.4119500000961,76.5625
182.51190000004135,75.8671875
182.61190000013448,76.4375
182.71185000007972,76.234375
182.81190000008792,76.1640625
182.91204999992624,76.515625
183.01190000004135,76.234375
183.11190000013448,76.40625
183.21200000005774,76.2578125
183.31195000000298,76.734375
183.41204999992624,76.4375
183.5119499999564,76.796875
183.6119999999646,76.375
183.71189999999478,76.484375
183.81195000000298,76.78125
183.91269999998622,76.84375
184.01255000010133,76.3203125
184.11254999996163,77.078125
184.21259999996983,76.8984375
184.3121500001289,76.6796875
184.4125500000082,76.796875
184.51255000010133,77.0703125
184.6120500001125,76.8984375
184.71145000006072,77.1171875
184.81200000015087,77.1953125
184.9121499999892,77.09375
185.0114500001073,77.3046875
185.1114499999676,77.421875
185.21149999997579,77.265625
185.31150000006892,77.3046875
185.41210000007413,77.65625
185.51205000001937,77.59375
185.61150000011548,77.40625
185.71149999997579,77.8046875
185.81150000006892,77.84375
185.91165000014007,77.640625
186.01154999993742,77.9140625
186.11150000011548,78.0703125
186.21155000012368,77.8984375
186.311699999962,78.125
186.41170000005513,78.2734375
186.51154999993742,78.2734375
186.6115999999456,78.1875
186.71160000003874,78.59375
186.811699999962,78.5546875
186.91170000005513,78.4765625
187.0117999999784,78.8828125
187.1115999999456,79.0078125
187.21200000005774,78.734375
187.31160000013188,78.9765625
187.41265000007115,79.2265625
187.51165000000037,79.2734375
187.61214999994263,78.9921875
187.71160000003874,79.328125
187.8121500001289,79.4375
187.9117499999702,79.2578125
188.0121999999974,79.6328125
188.1116500000935,79.6875
188.21225000009872,79.671875
188.311699999962,79.671875
188.41229999996722,79.9609375
188.51175000006333,80.1875
188.61220000009052,80.0546875
188.7117000001017,80.2109375
188.81224999995902,80.2734375
188.91244999994524,80.28125
189.0128000001423,80.28125
189.11230000015348,80.515625
189.21295000007376,80.53125
189.31180000002496,80.46875
189.4118000001181,80.8671875
189.5117999999784,80.90625
189.61175000015646,80.7578125
189.71175000001676,80.8046875
189.81180000002496,81.0234375
189.9119500000961,81.15625
190.0117999999784,81.1171875
190.11180000007153,81.1640625
190.21185000007972,81.4765625
190.31180000002496,81.4140625
190.41185000003316,81.578125
190.5117999999784,81.734375
190.6118499999866,81.71875
190.71185000007972,81.71875
190.81184999994002,81.7734375
190.91200000001118,82.078125
191.0118500001263,82.15625
191.1118499999866,82.015625
191.21189999999478,82.2265625
191.31195000000298,82.34375
191.41189999994822,82.40625
191.51190000004135,82.28125
191.61190000013448,82.359375
191.71189999999478,82.7265625
191.81195000000298,82.625
191.91204999992624,82.484375
192.0119499999564,82.640625
192.11190000013448,82.9765625
192.21195000014268,82.90625
192.31200000015087,82.7265625
192.41200000001118,82.90625
192.51205000001937,82.984375
192.6120500001125,82.8984375
192.71200000005774,82.921875
192.81200000015087,83.0703125
192.91210000007413,83.0234375
193.0120000001043,82.8984375
193.1119999999646,82.9296875
193.21200000005774,82.9453125
193.31200000015087,83.1796875
193.41204999992624,82.765625
193.5120000001043,83.1640625
193.6120500001125,84.890625
193.71200000005774,82.609375
193.81200000015087,83.3046875
193.9127500001341,82.7421875
194.0126000000164,83.2421875
194.11260000010952,82.9453125
194.21270000003278,82.8984375
194.31205000006594,82.90625
194.4121499999892,82.8046875
194.51209999993443,82.8046875
194.61214999994263,82.7421875
194.7120499999728,83.2109375
194.812099999981,82.671875
194.9122000001371,83.0234375
195.0121999999974,82.65625
195.11210000002757,82.84375
195.21240000007674,82.984375
195.312099999981,82.59375
195.41250000009313,82.84375
195.51215000008233,82.53125
195.61269999993965,82.5625
195.71215000003576,82.578125
